Workbook

Sheet Inputs
A1: Field | B1: Value | C1: Notes
A2: Start datetime | C2: Timezone: Europe/Riga
A3: Total time (Duration) | B3: 1:00 | C3: Enter as Duration (e.g., 1:30 or 36:00)
A4: Parking time (Duration) | B4: 0:00 | C4: Optional; must be <= total time
A5: Distance (km) | B5: 10
A6: Airport zone (either pickup or dropoff) | B6: FALSE | C6: MVP: single toggle
A8: Fuel price (€/L) | B8: 1.70 | C8: Used when `fuel_included=FALSE`
A9: Consumption (L/100km) | B9: 7.5 | C9: Used when `fuel_included=FALSE`
A11: End datetime | B11: =B2+B3
A12: Total minutes billed | B12: =ROUNDUP(B3*1440,0) | C12: Round up to next minute
A13: Parking minutes billed | B13: =ROUNDUP(B4*1440,0)
A14: Distance km billed | B14: =ROUNDUP(B5,0) | C14: Round up to next km
A15: Parking<=Total check | B15: =IF(B13>B12,"ERROR: parking > total","OK")
A17: provider_id | B17: night_start | C17: night_end | D17: night_min | E17: day_min | F17: park_night_min | G17: park_day_min | H17: drive_night_min | I17: drive_day_min
A18: carguru | B18: =VLOOKUP(A18,Providers!A:E,3,FALSE) | C18: =VLOOKUP(A18,Providers!A:E,4,FALSE) | D18: =IF($B$12=0,0,ROUNDUP(NIGHT_MINUTES($B$2,$B$11,B18,C18),0)) | E18: =$B$12-D18 | F18: =IF($B$12=0,0,MIN($B$13,MIN(D18,ROUNDUP($B$13*D18/$B$12,0)))) | G18: =$B$13-F18 | H18: =D18-F18 | I18: =E18-G18
A19: citybee | B19: =VLOOKUP(A19,Providers!A:E,3,FALSE) | C19: =VLOOKUP(A19,Providers!A:E,4,FALSE) | D19: =IF($B$12=0,0,ROUNDUP(NIGHT_MINUTES($B$2,$B$11,B19,C19),0)) | E19: =$B$12-D19 | F19: =IF($B$12=0,0,MIN($B$13,MIN(D19,ROUNDUP($B$13*D19/$B$12,0)))) | G19: =$B$13-F19 | H19: =D19-F19 | I19: =E19-G19
A20: bolt | B20: =VLOOKUP(A20,Providers!A:E,3,FALSE) | C20: =VLOOKUP(A20,Providers!A:E,4,FALSE) | D20: =IF($B$12=0,0,ROUNDUP(NIGHT_MINUTES($B$2,$B$11,B20,C20),0)) | E20: =$B$12-D20 | F20: =IF($B$12=0,0,MIN($B$13,MIN(D20,ROUNDUP($B$13*D20/$B$12,0)))) | G20: =$B$13-F20 | H20: =D20-F20 | I20: =E20-G20

Sheet Providers
A1: provider_id | B1: provider_name | C1: night_start | D1: night_end | E1: notes
A2: carguru | B2: CarGuru | C2: 22:00 | D2: 06:00 | E2: Update from carguru.lv if different
A3: citybee | B3: CityBee | C3: 22:00 | D3: 06:00 | E3: Update from citybee.lv if different
A4: bolt | B4: Bolt Drive | C4: 22:00 | D4: 06:00 | E4: Fill from in-app / assumptions

Sheet Vehicles
A1: provider_id | B1: vehicle_id | C1: vehicle_name | D1: vehicle_class
A2: bolt | B2: bolt_yaris_cross | C2: Toyota Yaris Cross
A3: carguru | B3: carguru_37 | C3: Lucky Ride cars
A4: carguru | B4: carguru_15 | C4: Nissan Juke
A5: carguru | B5: carguru_16 | C5: Nissan Qashqai
A6: carguru | B6: carguru_24 | C6: Nissan Qashqai e-power
A7: carguru | B7: carguru_35 | C7: Qashqai C24
A8: carguru | B8: carguru_27 | C8: Tesla 3 Performance
A9: carguru | B9: carguru_26 | C9: Tesla Model 3 LR
A10: carguru | B10: carguru_25 | C10: Tesla Model 3 SR
A11: carguru | B11: carguru_29 | C11: Tesla Model Y LR
A12: carguru | B12: carguru_28 | C12: Tesla Model Y SR
A13: carguru | B13: carguru_1 | C13: Toyota C-HR
... A16: carguru | B16: carguru_5 | C16: Toyota Yaris
A17: citybee | B17: citybee_25156 | C17: Fiat Ducato | D17: cargo
A18: citybee | B18: citybee_10156 | C18: Ford Transit | D18: cargo
A19: citybee | B19: citybee_9662 | C19: Renault Master | D19: cargo
A20: citybee | B20: citybee_25309 | C20: MG ZS | D20: crossover
A21: citybee | B21: citybee_10245 | C21: Nissan Qashqai | D21: crossover
A22: citybee | B22: citybee_11384 | C22: Seat Ateca | D22: crossover
A23: citybee | B23: citybee_10277 | C23: Toyota C-HR | D23: crossover
A24: citybee | B24: citybee_25118 | C24: Toyota Corolla Cross | D24: crossover
A25: citybee | B25: citybee_10168 | C25: VW T-Roc | D25: crossover
A26: citybee | B26: citybee_4633 | C26: Volkswagen T-Cross | D26: crossover
A27: citybee | B27: citybee_10278 | C27: Volkswagen Taigo | D27: crossover
A28: citybee | B28: citybee_11117 | C28: Ford Focus Wagon | D28: estates
... A40: citybee | B40: citybee_11499 | C40: Volkswagen Tiguan | D40: suv

Sheet Options
A1: provider_id | B1: vehicle_id | C1: option_id | D1: option_name | E1: option_type | F1: unlock_fee_eur | G1: reservation_fee_eur | H1: fixed_fee_eur | I1: trip_fee_eur | J1: min_total_eur | K1: cap_24h_eur | L1: airport_fee_eur | M1: drive_day_min_rate_eur | N1: drive_night_min_rate_eur | O1: park_day_min_rate_eur | P1: park_night_min_rate_eur | Q1: km_rate_eur | R1: fuel_included | S1: parking_included | T1: package_price_eur | U1: included_min | V1: included_km | W1: over_km_rate_eur | X1: over_day_min_rate_eur | Y1: over_night_min_rate_eur | Z1: daily_price_eur | AA1: daily_included_km | AB1: daily_unlimited_km | AC1: daily_over_km_rate_eur | AD1: source_url | AE1: notes
A2: bolt | B2: bolt_yaris_cross | C2: bolt_yaris_cross_payg | D2: PAYG (Toyota Yaris Cross) | E2: PAYG | F2: 0 | G2: 0 | H2: 0 | I2: 0 | J2: 2.55 | K2: 20.90 | L2: 3.5 | M2: 0.13 | N2: 0.13 | O2: 0.13 | P2: 0.13 | Q2: 0.29 | R2: TRUE | S2: TRUE | AD2: (in-app) | AE2: Min charge + daily cap; airport fee is dropoff (MVP uses single toggle)
A3: bolt | B3: bolt_yaris_cross | C3: bolt_yaris_cross_24h | D3: 24h + 800km | E3: PACKAGE | F3: 0 | G3: 0 | H3: 0 | I3: 0 | L3: 3.5 | M3: 0.13 | N3: 0.13 | O3: 0.13 | P3: 0.13 | Q3: 0.29 | R3: FALSE | S3: FALSE | T3: 34 | U3: 1440 | V3: 800 | W3: 0.15 | AD3: (in-app) | AE3: Fuel+parking not included
A4: bolt | B4: bolt_yaris_cross | C4: bolt_yaris_cross_48h | D4: 48h + 800km | E4: PACKAGE | F4: 0 | G4: 0 | H4: 0 | I4: 0 | L4: 3.5 | M4: 0.13 | N4: 0.13 | O4: 0.13 | P4: 0.13 | Q4: 0.29 | R4: FALSE | S4: FALSE | T4: 64 | U4: 2880 | V4: 800 | W4: 0.15 | AD4: (in-app) | AE4: Fuel+parking not included
A5: bolt | B5: bolt_yaris_cross | C5: bolt_yaris_cross_pkg_1h_5km | D5: 1h + 5km | E5: PACKAGE | F5: 0 | G5: 0 | H5: 0 | I5: 0 | L5: 3.5 | M5: 0.13 | N5: 0.13 | O5: 0.13 | P5: 0.13 | Q5: 0.29 | R5: TRUE | S5: TRUE | T5: 6.99 | U5: 60 | V5: 5 | AD5: (in-app) | AE5: Overage uses PAYG rates; airport fee is dropoff (MVP uses single toggle)
A6: bolt | B6: bolt_yaris_cross | C6: bolt_yaris_cross_pkg_1h_10km | D6: 1h + 10km | E6: PACKAGE | F6: 0 | G6: 0 | H6: 0 | I6: 0 | L6: 3.5 | M6: 0.13 | N6: 0.13 | O6: 0.13 | P6: 0.13 | Q6: 0.29 | R6: TRUE | S6: TRUE | T6: 8.30 | U6: 60 | V6: 10 | AD6: (in-app) | AE6: Overage uses PAYG rates; airport fee is dropoff (MVP uses single toggle)
A7: bolt | B7: bolt_yaris_cross | C7: bolt_yaris_cross_pkg_1h_20km | D7: 1h + 20km | E7: PACKAGE | F7: 0 | G7: 0 | H7: 0 | I7: 0 | L7: 3.5 | M7: 0.13 | N7: 0.13 | O7: 0.13 | P7: 0.13 | Q7: 0.29 | R7: TRUE | S7: TRUE | T7: 11.10 | U7: 60 | V7: 20 | AD7: (in-app) | AE7: Overage uses PAYG rates; airport fee is dropoff (MVP uses single toggle)
A8: bolt | B8: bolt_yaris_cross | C8: bolt_yaris_cross_pkg_1h_30km | D8: 1h + 30km | E8: PACKAGE | F8: 0 | G8: 0 | H8: 0 | I8: 0 | L8: 3.5 | M8: 0.13 | N8: 0.13 | O8: 0.13 | P8: 0.13 | Q8: 0.29 | R8: TRUE | S8: TRUE | T8: 13.80 | U8: 60 | V8: 30 | AD8: (in-app) | AE8: Overage uses PAYG rates; airport fee is dropoff (MVP uses single toggle)
A9: bolt | B9: bolt_yaris_cross | C9: bolt_yaris_cross_pkg_1h_50km | D9: 1h + 50km | E9: PACKAGE | F9: 0 | G9: 0 | H9: 0 | I9: 0 | L9: 3.5 | M9: 0.13 | N9: 0.13 | O9: 0.13 | P9: 0.13 | Q9: 0.29 | R9: TRUE | S9: TRUE | T9: 19.40 | U9: 60 | V9: 50 | AD9: (in-app) | AE9: Overage uses PAYG rates; airport fee is dropoff (MVP uses single toggle)
A10: bolt | B10: bolt_yaris_cross | C10: bolt_yaris_cross_pkg_2h_10km | D10: 2h + 10km | E10: PACKAGE | F10: 0 | G10: 0 | H10: 0 | I10: 0 | L10: 3.5 | M10: 0.13 | N10: 0.13 | O10: 0.13 | P10: 0.13 | Q10: 0.29 | R10: TRUE | S10: TRUE | T10: 13.99 | U10: 120 | V10: 10 | AD10: (in-app) | AE10: Overage uses PAYG rates; airport fee is dropoff (MVP uses single toggle)
A11: bolt | B11: bolt_yaris_cross | C11: bolt_yaris_cross_pkg_2h_20km | D11: 2h + 20km | E11: PACKAGE | F11: 0 | G11: 0 | H11: 0 | I11: 0 | L11: 3.5 | M11: 0.13 | N11: 0.13 | O11: 0.13 | P11: 0.13 | Q11: 0.29 | R11: TRUE | S11: TRUE | T11: 16.70 | U11: 120 | V11: 20 | AD11: (in-app) | AE11: Overage uses PAYG rates; airport fee is dropoff (MVP uses single toggle)
A12: bolt | B12: bolt_yaris_cross | C12: bolt_yaris_cross_pkg_2h_30km | D12: 2h + 30km | E12: PACKAGE | F12: 0 | G12: 0 | H12: 0 | I12: 0 | L12: 3.5 | M12: 0.13 | N12: 0.13 | O12: 0.13 | P12: 0.13 | Q12: 0.29 | R12: TRUE | S12: TRUE | T12: 19.50 | U12: 120 | V12: 30 | AD12: (in-app) | AE12: Overage uses PAYG rates; airport fee is dropoff (MVP uses single toggle)
A13: bolt | B13: bolt_yaris_cross | C13: bolt_yaris_cross_pkg_2h_50km | D13: 2h + 50km | E13: PACKAGE | F13: 0 | G13: 0 | H13: 0 | I13: 0 | L13: 3.5 | M13: 0.13 | N13: 0.13 | O13: 0.13 | P13: 0.13 | Q13: 0.29 | R13: TRUE | S13: TRUE | T13: 24.99 | U13: 120 | V13: 50 | AD13: (in-app) | AE13: Overage uses PAYG rates; airport fee is dropoff (MVP uses single toggle)
A14: bolt | B14: bolt_yaris_cross | C14: bolt_yaris_cross_pkg_2h_75km | D14: 2h + 75km | E14: PACKAGE | F14: 0 | G14: 0 | H14: 0 | I14: 0 | L14: 3.5 | M14: 0.13 | N14: 0.13 | O14: 0.13 | P14: 0.13 | Q14: 0.29 | R14: TRUE | S14: TRUE | T14: 31.90 | U14: 120 | V14: 75 | AD14: (in-app) | AE14: Overage uses PAYG rates; airport fee is dropoff (MVP uses single toggle)
A15: bolt | B15: bolt_yaris_cross | C15: bolt_yaris_cross_pkg_2h_100km | D15: 2h + 100km | E15: PACKAGE | F15: 0 | G15: 0 | H15: 0 | I15: 0 | L15: 3.5 | M15: 0.13 | N15: 0.13 | O15: 0.13 | P15: 0.13 | Q15: 0.29 | R15: TRUE | S15: TRUE | T15: 38.70 | U15: 120 | V15: 100 | AD15: (in-app) | AE15: Overage uses PAYG rates; airport fee is dropoff (MVP uses single toggle)
A16: bolt | B16: bolt_yaris_cross | C16: bolt_yaris_cross_pkg_3h_10km | D16: 3h + 10km | E16: PACKAGE | F16: 0 | G16: 0 | H16: 0 | I16: 0 | L16: 3.5 | M16: 0.13 | N16: 0.13 | O16: 0.13 | P16: 0.13 | Q16: 0.29 | R16: TRUE | S16: TRUE | T16: 19.60 | U16: 180 | V16: 10 | AD16: (in-app) | AE16: Overage uses PAYG rates; airport fee is dropoff (MVP uses single toggle)
... A64: bolt | B64: bolt_yaris_cross | C64: bolt_yaris_cross_pkg_7d_2000km | D64: 7 days + 2000km | E64: PACKAGE | F64: 0 | G64: 0 | H64: 0 | I64: 0 | L64: 3.5 | M64: 0.13 | N64: 0.13 | O64: 0.13 | P64: 0.13 | Q64: 0.29 | R64: TRUE | S64: TRUE | T64: 687.00 | U64: 10080 | V64: 2000 | AD64: (in-app) | AE64: Overage uses PAYG rates; airport fee is dropoff (MVP uses single toggle)

Sheet Results
A1: provider_id | B1: vehicle_id | C1: option_id | D1: option_name | E1: option_type | F1: unlock_fee_eur | G1: reservation_fee_eur | H1: fixed_fee_eur | I1: trip_fee_eur | J1: min_total_eur | K1: cap_24h_eur | L1: airport_fee_eur | M1: drive_day_min_rate_eur | N1: drive_night_min_rate_eur | O1: park_day_min_rate_eur | P1: park_night_min_rate_eur | Q1: km_rate_eur | R1: fuel_included | S1: parking_included | T1: package_price_eur | U1: included_min | V1: included_km | W1: over_km_rate_eur | X1: over_day_min_rate_eur | Y1: over_night_min_rate_eur | Z1: daily_price_eur | AA1: daily_included_km | AB1: daily_unlimited_km | AC1: daily_over_km_rate_eur | AD1: source_url | AE1: notes | AF1: total_eur | AG1: base_eur | AH1: fees_eur | AI1: time_eur | AJ1: km_eur | AK1: airport_eur | AL1: fuel_eur
A2: =FILTER(Options!A:AE,Options!A:A<>"") | AF2: =ARRAYFORMULA(IF(A2:A="","",ROUNDUP((IF(E2:E="PAYG",IF(IF(AG2:AG<IFNA(J2:J,0),IFNA(J2:J,0),AG2:AG)>IF(IFNA(K2:K,0)>0,CEILING(Inputs!B12/1440,1)*K2:K,1E99),IF(IFNA(K2:K,0)>0,CEILING(Inputs!B12/1440,1)*K2:K,1E99),IF(AG2:AG<IFNA(J2:J,0),IFNA(J2:J,0),AG2:AG)),AG2:AG)+AH2:AH+AK2:AK+AL2:AL,2))) | AG2: =ARRAYFORMULA(IF(A2:A="","",ROUNDUP(IF(E2:E="PAYG",IFNA(I2:I,0)+AI2:AI+AJ2:AJ,IF(E2:E="PACKAGE",IFNA(T2:T,0)+AI2:AI+AJ2:AJ,IF(E2:E="DAILY",CEILING(Inputs!B12/1440,1)*IFNA(Z2:Z,0)+AJ2:AJ,NA()))),2))) | AH2: =ARRAYFORMULA(IF(A2:A="","",ROUNDUP(F2:F+G2:G+H2:H,2))) | AI2: =ARRAYFORMULA(IF(A2:A="","",ROUNDUP(IF(E2:E="PAYG",(IFNA(VLOOKUP(A2:A,Inputs!A18:I,9,FALSE),0)*M2:M+IFNA(VLOOKUP(A2:A,Inputs!A18:I,8,FALSE),0)*N2:N+IFNA(VLOOKUP(A2:A,Inputs!A18:I,7,FALSE),0)*IF(O2:O="",M2:M,O2:O)+IFNA(VLOOKUP(A2:A,Inputs!A18:I,6,FALSE),0)*IF(P2:P="",N2:N,P2:P)),IF(E2:E="PACKAGE",(IF(Inputs!B12-IFNA(U2:U,0)>0,Inputs!B12-IFNA(U2:U,0),0)*IF(Inputs!B12=0,0,(IFNA(VLOOKUP(A2:A,Inputs!A18:I,9,FALSE),0)*IF(X2:X="",M2:M,X2:X)+IFNA(VLOOKUP(A2:A,Inputs!A18:I,8,FALSE),0)*IF(Y2:Y="",N2:N,Y2:Y)+IFNA(VLOOKUP(A2:A,Inputs!A18:I,7,FALSE),0)*IF(X2:X="",M2:M,X2:X)+IFNA(VLOOKUP(A2:A,Inputs!A18:I,6,FALSE),0)*IF(Y2:Y="",N2:N,Y2:Y))/Inputs!B12)),0)),2))) | AJ2: =ARRAYFORMULA(IF(A2:A="","",ROUNDUP(IF(E2:E="PAYG",IF(IFNA(V2:V,0)>0,(IF(Inputs!B14-IFNA(V2:V,0)>0,Inputs!B14-IFNA(V2:V,0),0)*IF(W2:W="",Q2:Q,W2:W)),Inputs!B14*Q2:Q),IF(E2:E="PACKAGE",(IF(Inputs!B14-IFNA(V2:V,0)>0,Inputs!B14-IFNA(V2:V,0),0)*IF(W2:W="",Q2:Q,W2:W)),IF(E2:E="DAILY",IF(AB2:AB,0,(IF(Inputs!B14-IFNA(AA2:AA,0)*CEILING(Inputs!B12/1440,1)>0,Inputs!B14-IFNA(AA2:AA,0)*CEILING(Inputs!B12/1440,1),0)*IF(AC2:AC="",Q2:Q,AC2:AC))),0))),2))) | AK2: =ARRAYFORMULA(IF(A2:A="","",ROUNDUP(IF(Inputs!B6,IFNA(L2:L,0),0),2))) | AL2: =ARRAYFORMULA(IF(A2:A="","",IF(R2:R,0,ROUNDUP(Inputs!B14*(Inputs!B9/100)*Inputs!B8,2))))

Sheet Details
A1: Field | B1: Value | C1: Notes
A2: Selected option_id | C2: Use dropdown from Results column C
A3: Total (€) | B3: =IF(B2="","",INDEX(FILTER(Results!AF:AF,Results!C:C=B2),1))
A4: Base (€) | B4: =IF(B2="","",INDEX(FILTER(Results!AG:AG,Results!C:C=B2),1))
A5: Fees (€) | B5: =IF(B2="","",INDEX(FILTER(Results!AH:AH,Results!C:C=B2),1))
A6: Time (€) | B6: =IF(B2="","",INDEX(FILTER(Results!AI:AI,Results!C:C=B2),1))
A7: Distance (€) | B7: =IF(B2="","",INDEX(FILTER(Results!AJ:AJ,Results!C:C=B2),1))
A8: Airport (€) | B8: =IF(B2="","",INDEX(FILTER(Results!AK:AK,Results!C:C=B2),1))
A9: Fuel (€) | B9: =IF(B2="","",INDEX(FILTER(Results!AL:AL,Results!C:C=B2),1))
